[
  {
    "id": "c194ae3f-0ec3-4ba6-a66c-d411996b7ea1",
    "data": [
      {
        "text": "I have finished only ",
        "userDefined": false
      },
      {
        "text": "1/2",
        "meta": "@values",
        "alias": "values2",
        "userDefined": true
      },
      {
        "text": " of the project. It used ",
        "userDefined": false
      },
      {
        "text": "5 minutes",
        "meta": "@sys.duration",
        "alias": "duration2",
        "userDefined": true
      },
      {
        "text": ". I think I can finish it on time",
        "userDefined": false
      }
    ],
    "isTemplate": false,
    "count": 0,
    "lang": "en",
    "updated": 0
  }
]