[
  {
    "id": "3bd00bd1-7938-4d15-b639-70cefa3be955",
    "data": [
      {
        "text": "I\u0027ve done my work! It took me only ",
        "userDefined": false
      },
      {
        "text": "30 minutes",
        "meta": "@sys.duration",
        "alias": "duration",
        "userDefined": true
      },
      {
        "text": "!  please share my progress report also",
        "userDefined": false
      }
    ],
    "isTemplate": false,
    "count": 0,
    "lang": "en",
    "updated": 0
  }
]