[
  {
    "id": "d153093c-cb02-439c-b604-b0f9a24bf6f8",
    "data": [
      {
        "text": "I have finished only ",
        "userDefined": false
      },
      {
        "text": "1/5",
        "meta": "@values",
        "alias": "values1",
        "userDefined": true
      },
      {
        "text": " of the project in the first ",
        "userDefined": false
      },
      {
        "text": "10 minutes",
        "meta": "@sys.duration",
        "alias": "duration1",
        "userDefined": true
      },
      {
        "text": ". I\u0027m not very confident.",
        "userDefined": false
      }
    ],
    "isTemplate": false,
    "count": 0,
    "lang": "en",
    "updated": 0
  }
]